site_code,eqr,eqc
LTR1_2010,,
LTR1_2011,,
LTR1_2012,,
LTR1_2013,0.5714,Moderate
LTR1_2014,0.54,Moderate
LTR1_2015,0.81,High
LTR1_2016,0.51,Moderate
LTR1_2017,0.63,Good
LTR1_2020,0.54,Moderate
LTR1011_2013,0.2857,Bad
LTR1011_2016,0.48,Moderate
LTR1013_2010,,
LTR1013_2013,1,High
LTR1013_2016,0.53,Moderate
LTR1013_2019,0.47,Moderate
LTR1013_2022,0.57,Moderate
LTR1019_2012,,
LTR1019_2015,0.45,Moderate
LTR1019_2019,0.56,Good
LTR1019_2022,0.54,Good
LTR1021_2012,,
LTR1021_2016,0.42,Moderate
LTR1021_2019,0.55,Good
LTR1021_2022,0.5,Moderate
LTR1023_2010,,
LTR1023_2013,0.7143,Good
LTR1023_2016,0.68,Good
LTR1023_2019,0.75,High
LTR1023_2022,0.63,Good
LTR1027_2017,0.56,Moderate
LTR1027_2022,0.48,Moderate
LTR1032_2012,,
LTR1032_2015,0.74,Good
LTR1037_2012,,
LTR1037_2015,0.48,Moderate
LTR1037_2018,0.44,Moderate
LTR1037_2021,0.46,Moderate
LTR1038_2015,0.76,High
LTR1043_2010,,
LTR1043_2013,0.4286,Moderate
LTR1043_2015,0.5,Good
LTR1043_2019,0.51,Good
LTR1043_2022,0.44,Moderate
LTR1044_2012,,
LTR1044_2016,0.58,Good
LTR1044_2019,0.58,Good
LTR1044_2022,0.47,Moderate
LTR1049_2012,,
LTR1049_2015,0.66,Good
LTR1049_2018,0.69,Good
LTR1049_2021,0.57,Good
LTR105_2010,,
LTR105_2011,,
LTR105_2012,,
LTR105_2013,0.4286,Poor
LTR105_2014,0.68,Good
LTR105_2015,0.7,Good
LTR105_2016,0.67,Good
LTR105_2017,0.59,Moderate
LTR105_2020,0.58,Moderate
LTR1054_2012,,
LTR1054_2016,0.66,Good
LTR1054_2019,0.71,High
LTR1054_2022,0.51,Moderate
LTR106_2012,,
LTR106_2016,0.64,Good
LTR106_2019,0.7,Good
LTR106_2023,,
LTR1063_2017,0.36,Poor
LTR1063_2021,0.35,Poor
LTR1070_2010,,
LTR1070_2013,0.8571,High
LTR1070_2016,0.55,Moderate
LTR1070_2019,0.62,Good
LTR1070_2022,0.49,Moderate
LTR1072_2012,,
LTR1072_2016,0.79,High
LTR1072_2019,0.37,Moderate
LTR1074_2012,,
LTR1074_2016,0.46,Moderate
LTR1076_2017,0.53,Moderate
LTR1076_2022,0.41,Moderate
LTR1089_2013,0.7143,Good
LTR1089_2018,0.57,Good
LTR1092_2013,0.8571,High
LTR1092_2019,0.6,Good
LTR1093_2013,0.7143,High
LTR1093_2019,0.47,Moderate
LTR11_2010,,
LTR11_2011,,
LTR11_2013,0.4286,Moderate
LTR11_2014,0.44,Moderate
LTR11_2015,0.4,Moderate
LTR11_2016,0.39,Moderate
LTR11_2017,0.51,Good
LTR11_2020,0.45,Moderate
LTR1101_2022,0.73,Good
LTR1105_2022,0.54,Moderate
LTR1109_2017,0.54,Good
LTR1109_2022,0.57,Good
LTR1118_2013,0.7143,High
LTR1118_2018,0.45,Moderate
LTR1118_2021,0.4,Moderate
LTR1124_2010,,
LTR1124_2019,0.54,Moderate
LTR1127_2013,0.8571,High
LTR1127_2019,0.61,Good
LTR1145_2010,,
LTR1145_2019,0.62,Good
LTR1182_2010,,
LTR1182_2016,0.54,Good
LTR1182_2022,0.47,Moderate
LTR1192_2010,,
LTR1192_2012,,
LTR1192_2016,0.64,Good
LTR1192_2019,0.47,Moderate
LTR1192_2022,0.74,Good
LTR1213_2019,0.67,Good
LTR1225_2015,0.59,Good
LTR1225_2018,0.36,Moderate
LTR1225_2022,0.41,Moderate
LTR1236_2010,,
LTR1236_2015,0.83,High
LTR1236_2019,0.61,Good
LTR1241_2012,,
LTR1241_2015,0.88,High
LTR1241_2019,0.57,Moderate
LTR1249_2013,0.7143,Good
LTR1249_2015,0.61,Good
LTR1249_2018,0.54,Moderate
LTR1249_2021,0.56,Moderate
LTR1252_2011,,
LTR1252_2014,0.7,Good
LTR1252_2018,0.5,Good
LTR1252_2021,0.46,Moderate
LTR1253_2012,,
LTR1254_2012,,
LTR1254_2015,0.48,Moderate
LTR1254_2018,0.42,Moderate
LTR1254_2021,0.71,Good
LTR1256_2012,,
LTR1256_2015,0.83,High
LTR1256_2018,0.55,Moderate
LTR1256_2021,0.6,Good
LTR127_2010,,
LTR127_2011,,
LTR127_2012,,
LTR127_2013,0.2857,Bad
LTR127_2014,0.33,Poor
LTR127_2015,0.31,Poor
LTR127_2016,0.41,Moderate
LTR127_2017,0.36,Poor
LTR127_2020,0.48,Moderate
LTR1274_2011,,
LTR1274_2018,0.55,Good
LTR1274_2021,0.58,Good
LTR1276_2013,0.5714,Moderate
LTR1276_2018,0.47,Moderate
LTR1276_2021,0.32,Poor
LTR1278_2014,0.58,Moderate
LTR1278_2019,0.5,Good
LTR1278_2022,0.58,Good
LTR1280_2013,1,High
LTR1280_2018,0.6,Good
LTR1280_2021,0.66,Good
LTR1282_2010,,
LTR1282_2011,,
LTR1282_2012,,
LTR1282_2013,1,High
LTR1282_2014,0.83,High
LTR1282_2015,0.98,High
LTR1282_2016,0.95,High
LTR1282_2017,0.8,High
LTR1282_2020,0.44,Moderate
LTR1292_2011,,
LTR1292_2016,0.55,Moderate
LTR1292_2019,0.6,Good
LTR1292_2020,0.49,Moderate
LTR1293_2011,,
LTR1293_2014,0.5,Moderate
LTR1293_2021,0.51,Moderate
LTR1294_2011,,
LTR1294_2014,0.78,Good
LTR1294_2018,0.74,Good
LTR1294_2021,0.85,High
LTR1296_2011,,
LTR1296_2014,0.74,Good
LTR1296_2017,0.8,High
LTR1296_2021,0.7,Good
LTR1298_2011,,
LTR1298_2014,0.74,Good
LTR1298_2021,0.73,Good
LTR1299_2010,,
LTR1299_2013,0.8571,High
LTR1299_2015,0.93,High
LTR1299_2019,0.82,High
LTR1299_2022,1,High
LTR13_2010,,
LTR13_2011,,
LTR13_2012,,
LTR13_2013,0.2857,Poor
LTR13_2014,0.29,Poor
LTR13_2015,0.4,Moderate
LTR13_2016,0.48,Moderate
LTR13_2017,0.4,Moderate
LTR13_2020,0.5,Good
LTR1300_2015,0.67,Good
LTR1300_2019,0.76,Good
LTR1300_2022,0.67,Good
LTR1301_2010,,
LTR1301_2011,,
LTR1301_2013,0.8571,High
LTR1301_2014,0.76,Good
LTR1301_2015,0.95,High
LTR1301_2016,0.78,Good
LTR1301_2017,0.94,High
LTR1301_2020,0.59,Moderate
LTR1302_2013,0.7143,High
LTR1302_2015,0.57,Good
LTR1302_2019,0.44,Moderate
LTR1303_2012,,
LTR1303_2015,0.72,Good
LTR1303_2019,0.63,Good
LTR1304_2012,,
LTR1304_2015,0.77,Good
LTR1304_2022,0.53,Moderate
LTR1306_2012,,
LTR1306_2014,0.57,Moderate
LTR1306_2021,0.47,Moderate
LTR1311_2010,,
LTR1311_2013,0.7143,Good
LTR1311_2016,0.54,Good
LTR1311_2019,0.52,Good
LTR1311_2022,0.52,Moderate
LTR1312_2012,,
LTR1312_2015,0.83,High
LTR1312_2018,0.69,Good
LTR1312_2021,0.81,High
LTR1314_2012,,
LTR1314_2015,0.73,High
LTR1314_2019,0.59,Good
LTR1314_2023,,
LTR1318_2011,,
LTR1318_2014,0.8,High
LTR1318_2018,0.64,Good
LTR1318_2021,0.83,High
LTR1319_2010,,
LTR1319_2011,,
LTR1319_2012,,
LTR1319_2013,0.8571,High
LTR1319_2014,0.7,Good
LTR1319_2015,0.88,High
LTR1319_2016,0.69,Good
LTR1319_2017,0.77,Good
LTR1319_2020,0.74,Good
LTR1319_2023,,
LTR1320_2010,,
LTR1320_2013,1,High
LTR1320_2016,1,High
LTR1320_2019,0.76,Good
LTR1320_2022,0.99,High
LTR1322_2010,,
LTR1322_2013,0.7143,Good
LTR1322_2015,0.93,High
LTR1322_2018,0.99,High
LTR1322_2021,0.82,High
LTR1324_2016,0.49,Moderate
LTR1324_2019,0.46,Moderate
LTR1324_2022,0.5,Moderate
LTR1329_2011,,
LTR1329_2015,0.47,Moderate
LTR133_2010,,
LTR133_2011,,
LTR133_2013,0.5714,Moderate
LTR133_2014,0.69,Good
LTR133_2015,0.91,High
LTR133_2016,0.52,Moderate
LTR133_2017,0.59,Moderate
LTR133_2020,0.54,Moderate
LTR1331_2016,0.49,Moderate
LTR1331_2020,0.47,Moderate
LTR1333_2011,,
LTR1334_2016,0.42,Moderate
LTR1334_2019,0.51,Good
LTR1335_2015,0.58,Moderate
LTR1335_2019,0.52,Moderate
LTR1336_2016,0.48,Moderate
LTR1336_2020,0.57,Moderate
LTR1339_2014,0.89,High
LTR1339_2022,0.55,Moderate
LTR1341_2013,0.5714,Moderate
LTR1342_2012,,
LTR1342_2015,0.57,Moderate
LTR1343_2011,,
LTR1343_2014,0.83,High
LTR1343_2020,0.57,Moderate
LTR1344_2011,,
LTR1344_2014,0.75,Good
LTR1344_2020,0.58,Good
LTR1347_2015,0.8,High
LTR1347_2019,0.54,Moderate
LTR1348_2010,,
LTR1348_2011,,
LTR1348_2013,0.8571,High
LTR1348_2014,0.79,Good
LTR1348_2015,0.92,High
LTR1348_2016,0.57,Moderate
LTR1348_2017,0.76,Good
LTR1348_2020,0.67,Good
LTR1349_2017,0.57,Moderate
LTR1349_2022,0.58,Moderate
LTR1352_2020,0.62,Good
LTR1353_2011,,
LTR1353_2020,0.7,Good
LTR1355_2012,,
LTR1355_2015,0.76,High
LTR1355_2019,0.53,Good
LTR1355_2022,0.73,High
LTR1356_2011,,
LTR1356_2014,0.44,Moderate
LTR1356_2020,0.62,Good
LTR1358_2011,,
LTR1358_2014,0.46,Moderate
LTR1358_2018,0.41,Moderate
LTR1358_2022,0.51,Good
LTR136_2011,,
LTR136_2013,0.4286,Moderate
LTR136_2014,0.49,Moderate
LTR136_2015,0.53,Good
LTR136_2016,0.48,Moderate
LTR136_2017,0.5,Good
LTR136_2019,0.44,Moderate
LTR136_2022,0.51,Good
LTR1367_2011,,
LTR1367_2016,0.41,Moderate
LTR1367_2019,0.5,Good
LTR1367_2022,0.39,Moderate
LTR1368_2011,,
LTR1368_2014,0.41,Moderate
LTR1368_2018,0.37,Poor
LTR1369_2011,,
LTR1369_2014,0.61,Good
LTR1369_2020,0.61,Good
LTR137_2010,,
LTR137_2011,,
LTR137_2012,,
LTR137_2013,0.8571,High
LTR137_2014,0.59,Moderate
LTR137_2015,0.63,Good
LTR137_2016,0.86,High
LTR137_2017,0.71,Good
LTR137_2020,0.59,Moderate
LTR1370_2011,,
LTR1370_2014,0.31,Poor
LTR1370_2020,0.63,Good
LTR1374_2011,,
LTR1374_2014,0.72,Good
LTR1376_2011,,
LTR1376_2014,0.7,Good
LTR1376_2020,0.73,Good
LTR1377_2011,,
LTR1377_2014,0.42,Moderate
LTR1377_2020,0.57,Moderate
LTR1378_2011,,
LTR1378_2014,0.53,Moderate
LTR1378_2019,0.7,Good
LTR1378_2022,0.67,Good
LTR1379_2013,1,High
LTR1379_2015,0.92,High
LTR1379_2019,0.72,Good
LTR1379_2022,0.79,Good
LTR138_2014,0.31,Poor
LTR138_2015,0.43,Moderate
LTR1380_2011,,
LTR1380_2014,0.48,Moderate
LTR1380_2018,0.79,Good
LTR1380_2021,0.55,Moderate
LTR1382_2016,0.82,High
LTR1382_2021,0.86,High
LTR1385_2012,,
LTR1385_2016,0.81,High
LTR1385_2019,0.73,Good
LTR1385_2022,0.75,Good
LTR1388_2013,0.4286,Poor
LTR1388_2016,0.52,Moderate
LTR1388_2019,0.54,Moderate
LTR1390_2016,0.54,Good
LTR1390_2019,0.29,Poor
LTR1391_2013,0.1429,Bad
LTR1391_2016,0.49,Moderate
LTR1391_2019,0.56,Good
LTR1394_2016,0.53,Moderate
LTR1394_2020,0.46,Moderate
LTR1395_2012,,
LTR1395_2015,0.54,Good
LTR1395_2018,0.67,Good
LTR1395_2021,0.53,Good
LTR1397_2012,,
LTR1397_2016,0.28,Poor
LTR1397_2019,0.25,Poor
LTR1397_2022,0.26,Poor
LTR1398_2011,,
LTR1398_2014,0.69,Good
LTR1398_2018,0.64,Good
LTR1398_2021,0.52,Moderate
LTR1400_2011,,
LTR1400_2014,0.38,Moderate
LTR1400_2018,0.39,Moderate
LTR1400_2021,0.31,Poor
LTR1403_2017,0.78,Good
LTR1404_2011,,
LTR1404_2014,0.58,Moderate
LTR1404_2019,0.53,Moderate
LTR1413_2014,0.78,Good
LTR1418_2015,1,High
LTR1418_2019,0.75,Good
LTR1419_2013,0.7143,Good
LTR1420_2017,0.59,Moderate
LTR1420_2022,0.89,High
LTR1428_2012,,
LTR1428_2016,0.68,Good
LTR1430_2012,,
LTR1433_2010,,
LTR1433_2014,0.84,High
LTR1433_2021,0.69,Good
LTR1438_2010,,
LTR1438_2011,,
LTR1438_2013,1,High
LTR1438_2014,0.95,High
LTR1438_2015,0.99,High
LTR1438_2016,0.92,High
LTR1438_2017,0.78,Good
LTR1438_2020,0.91,High
LTR1442_2016,0.6,Good
LTR1442_2019,0.64,Good
LTR1444_2010,,
LTR1444_2013,0.4286,Poor
LTR1445_2016,0.64,Good
LTR1445_2019,0.57,Good
LTR1447_2011,,
LTR1447_2015,0.69,Good
LTR1447_2019,0.55,Moderate
LTR1447_2022,0.78,Good
LTR1449_2015,0.69,Good
LTR1449_2019,0.69,Good
LTR1449_2022,0.86,High
LTR1450_2017,0.77,Good
LTR1450_2021,0.54,Moderate
LTR1451_2013,0.8571,High
LTR1451_2016,0.43,Moderate
LTR1451_2021,0.55,Moderate
LTR1453_2012,,
LTR1453_2016,0.63,Good
LTR1453_2021,0.68,Good
LTR1455_2014,0.5,Moderate
LTR1455_2020,0.48,Moderate
LTR1457_2010,,
LTR1457_2021,0.48,Moderate
LTR1458_2011,,
LTR1458_2014,0.9,High
LTR1458_2021,0.76,Good
LTR1459_2010,,
LTR1459_2013,0.5714,Moderate
LTR1459_2016,0.94,High
LTR1459_2019,0.76,Good
LTR1459_2022,0.81,High
LTR1460_2010,,
LTR1460_2013,0.4286,Poor
LTR1461_2010,,
LTR1461_2013,0.8571,High
LTR1461_2016,0.64,Good
LTR1461_2019,0.66,Good
LTR1461_2022,0.54,Moderate
LTR1462_2010,,
LTR1462_2011,,
LTR1462_2012,,
LTR1462_2013,0.8571,High
LTR1462_2014,0.74,Good
LTR1462_2015,0.77,Good
LTR1462_2016,0.56,Moderate
LTR1462_2017,0.57,Moderate
LTR1462_2020,0.62,Good
LTR1462_2023,,
LTR1463_2010,,
LTR1463_2012,,
LTR1464_2010,,
LTR1464_2012,,
LTR1464_2015,0.7,Good
LTR1465_2010,,
LTR1465_2013,0.5714,Moderate
LTR1465_2015,0.65,Good
LTR1465_2020,0.58,Good
LTR1466_2010,,
LTR1466_2012,,
LTR1466_2016,0.6,Good
LTR1466_2019,0.83,High
LTR1466_2022,0.52,Moderate
LTR1467_2010,,
LTR1467_2013,0.7143,Good
LTR1467_2016,0.51,Moderate
LTR1467_2019,0.52,Moderate
LTR1467_2022,0.53,Moderate
LTR1468_2011,,
LTR1468_2014,0.95,High
LTR1468_2020,0.61,Good
LTR1469_2010,,
LTR1469_2011,,
LTR1469_2015,0.64,Good
LTR1469_2018,0.58,Moderate
LTR1469_2021,0.58,Moderate
LTR1470_2010,,
LTR1470_2014,0.55,Good
LTR1470_2020,0.47,Moderate
LTR1471_2011,,
LTR1471_2014,0.37,Poor
LTR1471_2018,0.43,Moderate
LTR1471_2021,0.44,Moderate
LTR1472_2011,,
LTR1472_2014,0.78,Good
LTR1472_2022,0.94,High
LTR1473_2011,,
LTR1473_2014,0.42,Moderate
LTR1473_2018,0.48,Moderate
LTR1473_2021,0.48,Moderate
LTR1474_2010,,
LTR1474_2013,0.8571,High
LTR1474_2015,0.82,High
LTR1474_2018,0.75,Good
LTR1474_2021,0.78,Good
LTR1475_2010,,
LTR1475_2015,0.67,Good
LTR1475_2018,0.41,Moderate
LTR1475_2021,0.57,Moderate
LTR1476_2011,,
LTR1476_2019,0.43,Moderate
LTR1477_2010,,
LTR1477_2018,0.35,Poor
LTR1477_2021,0.46,Moderate
LTR1478_2010,,
LTR1478_2018,0.51,Good
LTR1478_2021,0.58,Good
LTR1479_2011,,
LTR1479_2014,0.6,Good
LTR1479_2017,0.67,Good
LTR1479_2020,0.64,Good
LTR1480_2010,,
LTR1480_2013,0.8571,High
LTR1480_2015,0.61,Good
LTR1480_2018,0.59,Moderate
LTR1480_2021,0.52,Moderate
LTR1481_2010,,
LTR1481_2013,0.7143,Good
LTR1481_2015,0.51,Moderate
LTR1481_2018,0.74,Good
LTR1481_2021,0.78,Good
LTR1482_2010,,
LTR1482_2013,0.5714,Moderate
LTR1482_2016,0.63,Good
LTR1482_2019,0.6,Good
LTR1482_2022,0.87,High
LTR1483_2011,,
LTR1483_2014,0.8,High
LTR1484_2010,,
LTR1484_2014,0.48,Moderate
LTR1484_2020,0.55,Moderate
LTR1484_2023,,
LTR1485_2016,0.82,High
LTR1485_2020,0.58,Moderate
LTR1486_2011,,
LTR1486_2014,0.51,Moderate
LTR1486_2018,0.69,Good
LTR1486_2022,0.49,Moderate
LTR1487_2011,,
LTR1487_2014,0.73,Good
LTR1487_2018,0.39,Poor
LTR1488_2010,,
LTR1488_2011,,
LTR1488_2013,0.7143,Good
LTR1488_2014,0.62,Good
LTR1488_2015,0.62,Good
LTR1488_2016,0.68,Good
LTR1488_2019,0.51,Moderate
LTR1488_2022,0.42,Moderate
LTR1489_2010,,
LTR1489_2012,,
LTR1489_2015,0.61,Good
LTR1489_2018,0.54,Moderate
LTR1489_2021,0.46,Moderate
LTR1490_2011,,
LTR1490_2018,0.56,Moderate
LTR1490_2021,0.74,Good
LTR1491_2016,0.8,High
LTR1491_2019,0.52,Moderate
LTR1492_2010,,
LTR1492_2013,0.5714,Moderate
LTR1492_2016,0.45,Moderate
LTR1492_2019,0.49,Moderate
LTR1492_2022,0.5,Moderate
LTR1493_2010,,
LTR1493_2014,0.55,Moderate
LTR1493_2017,0.44,Moderate
LTR1493_2020,0.53,Moderate
LTR1494_2011,,
LTR1494_2016,0.49,Moderate
LTR1494_2019,0.81,High
LTR1494_2022,0.78,Good
LTR1495_2010,,
LTR1495_2013,0.8571,High
LTR1495_2015,0.5,Moderate
LTR1495_2019,0.77,Good
LTR1495_2022,0.68,Good
LTR1496_2011,,
LTR1496_2019,0.56,Good
LTR1497_2010,,
LTR1497_2015,0.68,Good
LTR1498_2011,,
LTR1498_2020,0.55,Moderate
LTR1499_2010,,
LTR1499_2013,0.5714,Moderate
LTR1499_2015,0.64,Good
LTR1499_2018,0.75,Good
LTR1499_2021,0.77,Good
LTR150_2015,0.65,Good
LTR150_2020,0.79,Good
LTR1500_2010,,
LTR1500_2013,0.5714,Moderate
LTR1500_2015,0.68,Good
LTR1501_2010,,
LTR1501_2013,0.7143,Good
LTR1501_2016,0.46,Moderate
LTR1501_2019,0.53,Moderate
LTR1501_2022,0.52,Moderate
LTR1502_2010,,
LTR1502_2013,0.8571,High
LTR1502_2015,0.72,Good
LTR1502_2019,0.57,Moderate
LTR1502_2022,0.67,Good
LTR1503_2010,,
LTR1503_2013,0.8571,High
LTR1503_2016,0.91,High
LTR1503_2019,0.59,Moderate
LTR1504_2010,,
LTR1504_2013,0.8571,High
LTR1504_2015,0.74,Good
LTR1504_2021,0.69,Good
LTR1505_2010,,
LTR1505_2013,0.5714,Moderate
LTR1505_2015,0.78,High
LTR1505_2018,0.7,High
LTR1505_2021,0.58,Good
LTR1506_2010,,
LTR1506_2013,0.4286,Moderate
LTR1507_2010,,
LTR1507_2013,0.7143,High
LTR1507_2016,0.62,Good
LTR1507_2019,0.49,Moderate
LTR1507_2022,0.53,Good
LTR1508_2010,,
LTR1508_2014,0.58,Moderate
LTR1509_2010,,
LTR1509_2013,0.5714,Moderate
LTR1509_2015,0.65,Good
LTR1509_2021,,
LTR151_2015,0.92,High
LTR151_2019,0.71,Good
LTR151_2022,0.72,Good
LTR1510_2011,,
LTR1510_2014,0.68,Good
LTR1511_2010,,
LTR1511_2013,0.8571,High
LTR1511_2015,0.66,Good
LTR1511_2018,0.59,Moderate
LTR1511_2021,0.75,Good
LTR1512_2010,,
LTR1512_2013,0.5714,Moderate
LTR1512_2015,0.66,Good
LTR1512_2018,0.59,Good
LTR1513_2011,,
LTR1513_2015,0.55,Moderate
LTR1513_2021,0.88,High
LTR1514_2012,,
LTR1514_2013,0.8571,High
LTR1514_2014,0.56,Moderate
LTR1514_2015,0.72,Good
LTR1514_2016,0.57,Moderate
LTR1514_2017,0.5,Moderate
LTR1514_2020,0.59,Moderate
LTR1515_2010,,
LTR1515_2011,,
LTR1515_2013,0.7143,High
LTR1515_2014,0.62,Good
LTR1515_2015,0.77,High
LTR1515_2019,0.5,Good
LTR1515_2022,0.58,Good
LTR1516_2011,,
LTR1516_2014,0.76,High
LTR1516_2018,0.64,Good
LTR1517_2011,,
LTR1517_2014,0.81,High
LTR1517_2017,0.64,Good
LTR1517_2020,0.48,Moderate
LTR1518_2011,,
LTR1519_2011,,
LTR1519_2014,0.6,Good
LTR1519_2018,0.5,Good
LTR1519_2021,0.47,Moderate
LTR1520_2011,,
LTR1520_2014,0.54,Good
LTR1520_2018,0.57,Good
LTR1520_2021,0.51,Moderate
LTR1521_2011,,
LTR1521_2014,0.51,Moderate
LTR1521_2018,0.44,Moderate
LTR1521_2021,0.45,Moderate
LTR1522_2011,,
LTR1523_2011,,
LTR1524_2011,,
LTR1524_2014,0.5,Moderate
LTR1524_2022,0.66,Good
LTR1525_2011,,
LTR1525_2014,0.56,Moderate
LTR1525_2018,0.56,Good
LTR1525_2021,0.67,Good
LTR1526_2016,0.6,Good
LTR1526_2019,0.52,Moderate
LTR1527_2011,,
LTR1527_2014,0.66,Good
LTR1527_2018,0.91,High
LTR1528_2011,,
LTR1528_2014,0.76,Good
LTR1528_2022,0.42,Moderate
LTR1529_2011,,
LTR1529_2014,0.65,Good
LTR1530_2011,,
LTR1530_2014,0.7,Good
LTR1532_2011,,
LTR1532_2014,0.57,Moderate
LTR1532_2018,0.61,Good
LTR1533_2010,,
LTR1533_2020,0.44,Moderate
LTR1534_2022,0.74,Good
LTR1535_2022,0.85,High
LTR1536_2010,,
LTR1536_2012,,
LTR1536_2016,0.38,Moderate
LTR1536_2019,0.27,Poor
LTR1537_2010,,
LTR1537_2012,,
LTR1537_2016,0.75,Good
LTR1537_2019,0.77,Good
LTR1538_2022,0.54,Moderate
LTR1539_2014,0.51,Moderate
LTR1539_2020,0.43,Moderate
LTR1540_2014,0.6,Good
LTR1540_2020,0.46,Moderate
LTR1541_2014,0.76,Good
LTR1541_2020,0.68,Good
LTR1542_2011,,
LTR1542_2014,0.79,Good
LTR1542_2020,0.44,Moderate
LTR1543_2011,,
LTR1543_2014,0.87,High
LTR1543_2020,0.71,High
LTR1544_2011,,
LTR1544_2014,0.64,Good
LTR1544_2017,0.42,Moderate
LTR1544_2020,0.66,Good
LTR1545_2011,,
LTR1545_2014,0.57,Moderate
LTR1545_2017,0.46,Moderate
LTR1545_2021,0.55,Good
LTR1546_2011,,
LTR1546_2020,0.43,Moderate
LTR1547_2011,,
LTR1547_2020,0.42,Moderate
LTR1548_2013,0.4286,Poor
LTR1548_2016,0.7,High
LTR1548_2019,0.48,Moderate
LTR1548_2022,0.41,Moderate
LTR1549_2011,,
LTR1549_2014,0.55,Moderate
LTR1549_2018,0.6,Good
LTR1549_2021,0.46,Moderate
LTR155_2010,,
LTR155_2013,0.7143,Good
LTR155_2016,0.75,High
LTR155_2020,0.56,Good
LTR1550_2011,,
LTR1550_2014,0.8,High
LTR1550_2017,0.49,Moderate
LTR1550_2020,0.53,Good
LTR1551_2011,,
LTR1551_2020,0.42,Moderate
LTR1552_2014,0.28,Poor
LTR1553_2019,0.45,Moderate
LTR1553_2022,0.45,Moderate
LTR1554_2011,,
LTR1556_2011,,
LTR1556_2014,0.66,Good
LTR1556_2021,0.55,Moderate
LTR1557_2011,,
LTR1557_2014,0.69,Good
LTR1557_2018,0.64,Good
LTR1557_2021,0.56,Good
LTR1558_2011,,
LTR1558_2014,0.7,Good
LTR1558_2017,0.46,Moderate
LTR1558_2020,0.69,Good
LTR1559_2011,,
LTR1559_2014,0.81,High
LTR1559_2018,0.64,Good
LTR1559_2021,0.49,Moderate
LTR1560_2011,,
LTR1560_2014,0.7,Good
LTR1561_2011,,
LTR1561_2014,0.84,High
LTR1561_2020,0.84,High
LTR1561_2023,,
LTR1562_2011,,
LTR1562_2014,0.66,Good
LTR1562_2017,0.5,Good
LTR1562_2021,0.51,Moderate
LTR1563_2011,,
LTR1563_2014,0.67,Good
LTR1563_2017,0.42,Moderate
LTR1563_2020,0.51,Moderate
LTR1564_2011,,
LTR1564_2014,0.58,Good
LTR1564_2020,0.62,Good
LTR1565_2011,,
LTR1565_2014,0.87,High
LTR1565_2017,0.62,Good
LTR1565_2020,0.67,Good
LTR1566_2011,,
LTR1566_2014,0.38,Poor
LTR1566_2017,0.44,Moderate
LTR1566_2020,0.42,Moderate
LTR1567_2011,,
LTR1567_2014,0.76,Good
LTR1567_2017,0.56,Moderate
LTR1567_2020,0.43,Moderate
LTR1568_2011,,
LTR1568_2014,0.44,Moderate
LTR1568_2017,0.36,Moderate
LTR1568_2021,0.35,Moderate
LTR1569_2011,,
LTR1569_2021,0.47,Moderate
LTR1570_2011,,
LTR1570_2021,0.56,Good
LTR1571_2011,,
LTR1571_2020,0.49,Moderate
LTR1572_2014,0.65,Good
LTR1572_2020,0.5,Good
LTR1573_2011,,
LTR1573_2014,0.74,Good
LTR1573_2020,0.65,Good
LTR1574_2011,,
LTR1574_2014,0.84,High
LTR1574_2017,0.66,Good
LTR1574_2020,0.66,Good
LTR1575_2012,,
LTR1575_2015,0.7,Good
LTR1575_2018,0.78,Good
LTR1575_2021,0.76,Good
LTR1576_2011,,
LTR1576_2015,0.55,Moderate
LTR1577_2012,,
LTR1577_2015,0.91,High
LTR1577_2018,0.96,High
LTR1577_2021,0.77,Good
LTR1578_2022,0.62,Good
LTR1579_2011,,
LTR1579_2020,0.4,Moderate
LTR1580_2011,,
LTR1580_2014,0.58,Moderate
LTR1580_2017,0.46,Moderate
LTR1580_2020,0.41,Moderate
LTR1581_2011,,
LTR1581_2014,0.54,Moderate
LTR1581_2017,0.45,Moderate
LTR1581_2020,0.45,Moderate
LTR1582_2011,,
LTR1582_2014,0.69,Good
LTR1582_2020,0.64,Good
LTR1582_2023,,
LTR1583_2011,,
LTR1583_2014,0.71,High
LTR1583_2018,0.57,Good
LTR1583_2021,0.57,Good
LTR1584_2017,0.44,Moderate
LTR1584_2021,0.49,Moderate
LTR1585_2017,0.55,Moderate
LTR1585_2022,0.69,Good
LTR1586_2017,0.68,Good
LTR1586_2022,0.55,Moderate
LTR1587_2017,0.57,Moderate
LTR1587_2022,0.54,Moderate
LTR1588_2018,0.58,Moderate
LTR1589_2017,0.53,Moderate
LTR1589_2022,0.54,Moderate
LTR1590_2017,0.73,Good
LTR1591_2020,0.66,Good
LTR1592_2017,0.41,Moderate
LTR1592_2020,0.42,Moderate
LTR1593_2021,0.52,Moderate
LTR1594_2017,0.5,Moderate
LTR1594_2021,0.49,Moderate
LTR1595_2020,0.44,Moderate
LTR1596_2020,0.53,Moderate
LTR1597_2020,0.45,Moderate
LTR1598_2020,0.43,Moderate
LTR1599_2017,0.38,Moderate
LTR1599_2020,0.45,Moderate
LTR16_2010,,
LTR16_2015,0.66,Good
LTR16_2019,0.81,High
LTR1600_2017,0.62,Good
LTR1600_2020,0.55,Moderate
LTR1601_2017,0.47,Moderate
LTR1601_2021,0.23,Bad
LTR1602_2017,0.47,Moderate
LTR1602_2021,0.41,Moderate
LTR1603_2017,0.72,Good
LTR1603_2020,0.63,Good
LTR1604_2017,0.73,High
LTR1604_2020,0.63,Good
LTR1605_2017,0.61,Good
LTR1605_2020,0.54,Moderate
LTR1606_2017,0.62,Good
LTR1606_2020,0.51,Moderate
LTR1607_2018,0.45,Moderate
LTR1608_2018,0.84,High
LTR1609_2017,0.73,Good
LTR1609_2021,0.72,Good
LTR161_2010,,
LTR161_2011,,
LTR161_2013,0.7143,Good
LTR161_2014,0.61,Good
LTR161_2015,0.84,High
LTR161_2016,0.71,Good
LTR161_2017,0.94,High
LTR161_2020,0.56,Moderate
LTR1610_2022,0.81,High
LTR1611_2021,0.69,Good
LTR1612_2020,0.69,Good
LTR1613_2017,0.76,Good
LTR1613_2020,0.91,High
LTR1614_2020,0.61,Good
LTR1615_2020,0.65,Good
LTR1616_2017,0.7,Good
LTR1616_2020,0.39,Poor
LTR1617_2018,0.6,Good
LTR1617_2021,0.59,Moderate
LTR1618_2017,0.64,Good
LTR1619_2017,0.66,Good
LTR1619_2022,0.55,Moderate
LTR162_2010,,
LTR162_2014,0.54,Moderate
LTR162_2019,0.49,Moderate
LTR162_2022,0.75,Good
LTR1620_2017,0.53,Moderate
LTR1620_2022,0.47,Moderate
LTR1621_2017,0.76,Good
LTR1621_2020,0.33,Poor
LTR1622_2017,0.62,Good
LTR1622_2022,0.83,High
LTR1623_2017,0.57,Moderate
LTR1623_2020,0.75,Good
LTR1624_2016,0.66,Good
LTR1624_2017,0.68,Good
LTR1624_2021,0.64,Good
LTR1625_2017,0.58,Moderate
LTR1625_2021,0.57,Moderate
LTR1626_2017,0.53,Moderate
LTR1626_2020,0.58,Moderate
LTR1627_2017,0.57,Good
LTR1627_2020,0.56,Good
LTR1628_2017,0.82,High
LTR1628_2020,0.57,Moderate
LTR1628_2023,,
LTR1629_2017,0.67,Good
LTR1629_2022,0.69,Good
LTR163_2010,,
LTR163_2013,0.8571,High
LTR163_2016,0.88,High
LTR163_2019,0.68,Good
LTR163_2022,0.79,Good
LTR1630_2017,0.52,Moderate
LTR1630_2022,0.49,Moderate
LTR1631_2016,0.72,Good
LTR1631_2017,0.88,High
LTR1631_2022,0.53,Moderate
LTR1632_2017,0.72,High
LTR1632_2021,0.61,Good
LTR1633_2018,0.75,Good
LTR1634_2018,0.7,Good
LTR1635_2018,0.74,Good
LTR1636_2018,0.51,Moderate
LTR1637_2017,0.58,Moderate
LTR1637_2022,0.87,High
LTR1639_2018,0.63,Good
LTR164_2010,,
LTR164_2013,0.4286,Poor
LTR164_2015,0.73,High
LTR164_2018,0.82,High
LTR164_2021,0.65,Good
LTR1640_2018,0.64,Good
LTR1641_2017,0.57,Moderate
LTR1641_2022,0.56,Moderate
LTR1642_2017,0.6,Good
LTR1642_2022,0.68,Good
LTR1643_2018,0.56,Moderate
LTR1644_2020,0.43,Moderate
LTR1645_2017,0.5,Moderate
LTR1645_2021,0.46,Moderate
LTR1646_2020,0.62,Good
LTR1647_2018,0.48,Moderate
LTR1647_2021,0.76,Good
LTR1648_2017,0.82,High
LTR1648_2021,0.76,Good
LTR1649_2017,0.45,Moderate
LTR1649_2022,0.53,Moderate
LTR1650_2020,0.55,Good
LTR1651_2017,0.62,Good
LTR1651_2023,,
LTR1652_2016,0.46,Moderate
LTR1652_2021,0.51,Moderate
LTR1653_2018,0.69,Good
LTR1654_2017,0.64,Good
LTR1654_2022,0.81,High
LTR1655_2017,0.58,Moderate
LTR1655_2022,0.74,Good
LTR1656_2018,0.5,Moderate
LTR1657_2017,0.65,Good
LTR1657_2022,0.83,High
LTR1658_2017,0.68,Good
LTR1659_2017,0.59,Moderate
LTR1659_2022,0.63,Good
LTR1660_2017,0.52,Moderate
LTR1660_2022,0.6,Good
LTR1661_2017,0.52,Moderate
LTR1661_2022,0.62,Good
LTR1662_2017,0.53,Good
LTR1662_2020,0.42,Moderate
LTR1663_2017,0.47,Moderate
LTR1663_2021,0.53,Moderate
LTR1664_2017,0.45,Moderate
LTR1664_2021,0.33,Poor
LTR1665_2017,0.53,Moderate
LTR1665_2021,0.45,Moderate
LTR1666_2016,0.54,Moderate
LTR1666_2017,0.46,Moderate
LTR1666_2021,0.41,Moderate
LTR1667_2017,0.54,Moderate
LTR1667_2022,0.51,Moderate
LTR1668_2017,0.56,Moderate
LTR1668_2021,0.41,Moderate
LTR1669_2017,0.6,Good
LTR1669_2021,0.76,Good
LTR1670_2017,0.45,Moderate
LTR1670_2020,0.53,Moderate
LTR1671_2017,0.59,Moderate
LTR1671_2022,0.69,Good
LTR1672_2019,0.35,Poor
LTR1673_2021,0.59,Good
LTR1674_2017,0.44,Moderate
LTR1674_2022,0.57,Moderate
LTR1675_2020,0.66,Good
LTR1676_2017,0.4,Moderate
LTR1676_2020,0.49,Moderate
LTR1677_2020,0.72,Good
LTR1678_2020,0.74,Good
LTR1679_2020,0.59,Good
LTR1680_2017,0.65,Good
LTR1680_2022,0.65,Good
LTR1681_2016,0.66,Good
LTR1681_2017,0.7,Good
LTR1681_2021,0.53,Moderate
LTR1682_2017,0.59,Good
LTR1682_2021,0.53,Good
LTR1683_2017,0.73,Good
LTR1683_2022,0.42,Moderate
LTR1684_2017,0.49,Moderate
LTR1684_2022,0.49,Moderate
LTR1685_2017,0.64,Good
LTR1686_2017,0.7,Good
LTR1687_2016,0.59,Moderate
LTR1687_2017,0.54,Moderate
LTR1687_2022,0.7,Good
LTR1688_2017,0.48,Moderate
LTR1688_2022,0.39,Poor
LTR1689_2017,0.5,Good
LTR1689_2020,0.54,Good
LTR1690_2017,0.58,Moderate
LTR1690_2020,0.59,Moderate
LTR1691_2016,0.59,Moderate
LTR1691_2020,0.68,Good
LTR1691_2023,,
LTR1692_2017,0.41,Moderate
LTR1692_2020,0.32,Poor
LTR172_2017,0.4,Moderate
LTR172_2020,0.53,Moderate
LTR175_2010,,
LTR175_2011,,
LTR175_2013,0.8571,High
LTR175_2014,0.9,High
LTR175_2015,0.86,High
LTR175_2016,0.72,Good
LTR175_2017,0.75,Good
LTR175_2020,0.9,High
LTR176_2012,,
LTR176_2016,0.83,High
LTR176_2021,0.78,Good
LTR18_2012,,
LTR18_2016,0.76,Good
LTR18_2019,0.72,Good
LTR186_2020,0.93,High
LTR190_2010,,
LTR190_2014,0.87,High
LTR190_2021,0.74,Good
LTR192_2010,,
LTR192_2011,,
LTR192_2013,0.8571,High
LTR192_2014,0.92,High
LTR192_2015,0.99,High
LTR192_2016,0.85,High
LTR192_2017,0.69,Good
LTR192_2020,0.49,Moderate
LTR193_2015,0.74,High
LTR193_2019,0.57,Good
LTR193_2022,0.67,Good
LTR197_2012,,
LTR197_2015,0.66,Good
LTR197_2018,0.52,Moderate
LTR197_2021,0.67,Good
LTR198_2015,0.82,High
LTR198_2019,0.45,Moderate
LTR198_2022,0.69,Good
LTR199_2012,,
LTR20_2014,0.53,Moderate
LTR20_2015,0.27,Poor
LTR20_2017,0.37,Moderate
LTR20_2020,0.47,Moderate
LTR204_2010,,
LTR204_2013,0.5714,Moderate
LTR204_2015,0.64,Good
LTR204_2021,0.73,Good
LTR217_2013,0.8571,High
LTR217_2015,0.69,Good
LTR217_2019,0.5,Moderate
LTR218_2013,0.5714,Moderate
LTR218_2015,0.67,Good
LTR218_2022,0.65,Good
LTR219_2022,0.74,Good
LTR23_2010,,
LTR23_2015,0.75,Good
LTR23_2018,0.65,Good
LTR230_2016,0.52,Moderate
LTR230_2020,0.54,Moderate
LTR231_2010,,
LTR231_2011,,
LTR231_2013,0.8571,High
LTR231_2014,0.76,Good
LTR231_2015,0.41,Moderate
LTR231_2016,0.68,Good
LTR231_2017,0.56,Moderate
LTR231_2020,0.64,Good
LTR232_2010,,
LTR232_2013,0.7143,Good
LTR232_2015,0.82,High
LTR232_2019,0.65,Good
LTR232_2022,0.59,Moderate
LTR234_2011,,
LTR234_2014,0.73,Good
LTR234_2018,0.62,Good
LTR234_2021,0.63,Good
LTR236_2011,,
LTR236_2014,0.55,Moderate
LTR236_2019,0.46,Moderate
LTR236_2022,0.66,Good
LTR239_2017,0.73,Good
LTR239_2022,0.6,Good
LTR245_2010,,
LTR245_2011,,
LTR245_2013,0.7143,Good
LTR245_2014,0.7,Good
LTR245_2015,0.6,Good
LTR245_2016,0.54,Moderate
LTR245_2017,0.46,Moderate
LTR245_2020,0.46,Moderate
LTR247_2010,,
LTR247_2016,0.72,Good
LTR247_2020,0.58,Moderate
LTR247_2023,,
LTR248_2010,,
LTR248_2013,0.5714,Moderate
LTR248_2016,0.53,Moderate
LTR248_2020,0.64,Good
LTR26_2010,,
LTR26_2011,,
LTR26_2012,,
LTR26_2013,0.8571,High
LTR26_2014,0.73,High
LTR26_2015,0.79,High
LTR26_2016,1,High
LTR26_2017,0.68,Good
LTR26_2020,0.77,High
LTR260_2010,,
LTR260_2013,0.5714,Moderate
LTR260_2015,0.71,Good
LTR265_2010,,
LTR265_2011,,
LTR265_2012,,
LTR265_2013,0.8571,High
LTR265_2014,0.54,Moderate
LTR265_2015,0.66,Good
LTR265_2016,0.73,Good
LTR266_2014,0.37,Poor
LTR266_2015,0.43,Moderate
LTR267_2012,,
LTR267_2015,0.28,Poor
LTR267_2018,0.42,Moderate
LTR267_2021,0.3,Poor
LTR268_2010,,
LTR268_2011,,
LTR268_2012,,
LTR268_2013,0.5714,Moderate
LTR268_2014,0.56,Moderate
LTR268_2015,0.63,Good
LTR268_2016,0.57,Good
LTR268_2017,0.55,Good
LTR268_2020,0.69,Good
LTR27_2011,,
LTR27_2014,0.8,High
LTR27_2020,0.72,Good
LTR271_2012,,
LTR271_2015,0.64,Good
LTR271_2019,0.64,Good
LTR277_2010,,
LTR277_2012,,
LTR277_2016,0.38,Poor
LTR277_2019,0.56,Moderate
LTR281_2010,,
LTR281_2015,0.61,Good
LTR281_2019,0.57,Moderate
LTR282_2016,0.49,Moderate
LTR282_2017,0.62,Good
LTR282_2022,0.61,Good
LTR283_2011,,
LTR283_2014,0.62,Good
LTR283_2020,0.73,Good
LTR284_2012,,
LTR284_2015,0.51,Moderate
LTR284_2018,0.59,Moderate
LTR284_2021,0.68,Good
LTR290_2010,,
LTR290_2015,0.51,Moderate
LTR290_2018,0.48,Moderate
LTR294_2011,,
LTR294_2014,0.57,Moderate
LTR294_2018,0.59,Moderate
LTR294_2021,0.54,Moderate
LTR297_2012,,
LTR297_2015,0.36,Poor
LTR297_2018,0.39,Poor
LTR297_2021,0.5,Moderate
LTR30_2010,,
LTR30_2013,0.7143,High
LTR30_2016,0.79,High
LTR301_2017,0.43,Moderate
LTR301_2022,0.36,Poor
LTR305_2010,,
LTR305_2015,0.35,Poor
LTR308_2011,,
LTR308_2014,0.25,Bad
LTR308_2018,0.36,Poor
LTR308_2021,0.31,Poor
LTR310_2012,,
LTR310_2014,0.41,Moderate
LTR310_2017,0.29,Poor
LTR310_2021,0.47,Moderate
LTR318_2012,,
LTR318_2016,0.67,Good
LTR318_2019,0.65,Good
LTR325_2010,,
LTR325_2011,,
LTR325_2012,,
LTR325_2013,0.5714,Moderate
LTR325_2014,0.77,Good
LTR325_2015,0.69,Good
LTR325_2016,0.58,Moderate
LTR325_2017,0.58,Moderate
LTR325_2020,0.77,Good
LTR325_2023,,
LTR327_2010,,
LTR327_2011,,
LTR327_2012,,
LTR327_2013,0.5714,Moderate
LTR327_2014,0.71,Good
LTR327_2015,0.66,Good
LTR327_2016,0.7,Good
LTR327_2017,0.81,High
LTR327_2020,0.69,Good
LTR33_2010,,
LTR33_2011,,
LTR33_2013,0.7143,Good
LTR33_2014,0.67,Good
LTR33_2015,0.73,Good
LTR33_2016,0.67,Good
LTR33_2017,0.86,High
LTR33_2020,0.56,Moderate
LTR331_2017,0.77,Good
LTR331_2022,0.67,Good
LTR334_2010,,
LTR334_2013,0.8571,High
LTR334_2015,0.63,Good
LTR334_2018,0.54,Good
LTR334_2021,0.56,Good
LTR336_2010,,
LTR336_2013,0.8571,High
LTR336_2016,0.67,Good
LTR336_2019,0.87,High
LTR336_2023,,
LTR337_2010,,
LTR337_2013,0.8571,High
LTR337_2016,0.78,Good
LTR337_2019,0.57,Moderate
LTR337_2022,0.74,Good
LTR351_2012,,
LTR351_2015,0.59,Moderate
LTR351_2019,0.54,Moderate
LTR351_2022,0.71,Good
LTR352_2017,0.55,Good
LTR352_2020,0.51,Good
LTR352_2023,,
LTR354_2012,,
LTR354_2015,0.54,Moderate
LTR354_2018,0.42,Moderate
LTR354_2021,0.58,Moderate
LTR357_2010,,
LTR357_2011,,
LTR357_2012,,
LTR357_2013,0.8571,High
LTR357_2014,0.62,Good
LTR357_2015,0.6,Good
LTR357_2016,0.76,Good
LTR357_2017,0.51,Moderate
LTR357_2020,0.68,Good
LTR360_2012,,
LTR360_2016,0.6,Good
LTR360_2019,0.6,Good
LTR360_2022,0.68,Good
LTR365_2012,,
LTR365_2015,0.66,Good
LTR365_2018,0.57,Good
LTR365_2021,0.63,Good
LTR369_2013,0.7143,Good
LTR369_2015,0.68,Good
LTR369_2019,0.61,Good
LTR369_2022,0.62,Good
LTR370_2010,,
LTR370_2013,0.5714,Moderate
LTR370_2016,0.55,Good
LTR370_2019,0.68,Good
LTR370_2022,0.56,Good
LTR371_2011,,
LTR371_2014,0.65,Good
LTR371_2020,0.8,High
LTR373_2012,,
LTR373_2015,0.55,Good
LTR373_2018,0.56,Good
LTR373_2021,0.57,Good
LTR375_2012,,
LTR375_2015,0.77,Good
LTR375_2018,0.67,Good
LTR375_2021,0.51,Moderate
LTR376_2012,,
LTR376_2015,0.57,Good
LTR376_2018,0.58,Good
LTR376_2021,0.57,Good
LTR377_2010,,
LTR377_2013,0.8571,High
LTR377_2015,0.63,Good
LTR377_2018,0.55,Moderate
LTR377_2021,0.57,Moderate
LTR378_2012,,
LTR378_2015,0.64,Good
LTR378_2018,0.42,Moderate
LTR378_2021,0.56,Moderate
LTR379_2012,,
LTR379_2016,0.51,Good
LTR379_2019,0.56,Good
LTR379_2022,0.64,Good
LTR380_2010,,
LTR380_2013,0.4286,Poor
LTR380_2015,0.6,Good
LTR380_2018,0.39,Poor
LTR380_2021,0.5,Moderate
LTR385_2012,,
LTR385_2015,0.88,High
LTR385_2016,0.77,Good
LTR385_2017,0.51,Moderate
LTR385_2020,0.7,Good
LTR386_2010,,
LTR386_2013,0.8571,High
LTR386_2016,0.69,Good
LTR386_2019,0.66,Good
LTR386_2022,0.74,Good
LTR387_2010,,
LTR387_2011,,
LTR387_2012,,
LTR387_2013,0.5714,Moderate
LTR387_2014,0.62,Good
LTR387_2015,0.57,Moderate
LTR387_2016,0.51,Moderate
LTR387_2017,0.57,Moderate
LTR387_2020,0.61,Good
LTR389_2012,,
LTR389_2016,0.62,Good
LTR389_2019,0.45,Moderate
LTR389_2022,0.47,Moderate
LTR393_2010,,
LTR393_2013,0.8571,High
LTR393_2016,0.58,Moderate
LTR393_2019,0.61,Good
LTR393_2022,0.51,Moderate
LTR394_2013,1,High
LTR394_2016,0.58,Good
LTR394_2019,0.62,Good
LTR394_2022,0.49,Moderate
LTR395_2013,0.7143,Good
LTR395_2016,0.48,Moderate
LTR395_2019,0.45,Moderate
LTR395_2022,0.5,Moderate
LTR397_2012,,
LTR397_2015,0.83,High
LTR397_2018,0.64,Good
LTR397_2021,0.58,Good
LTR398_2012,,
LTR398_2016,0.65,Good
LTR398_2019,0.58,Good
LTR398_2022,0.5,Moderate
LTR40_2010,,
LTR40_2011,,
LTR40_2013,0.5714,Moderate
LTR40_2014,0.51,Moderate
LTR40_2015,0.45,Moderate
LTR40_2016,0.57,Moderate
LTR40_2017,0.51,Moderate
LTR40_2020,0.48,Moderate
LTR401_2010,,
LTR401_2011,,
LTR401_2012,,
LTR401_2013,0.4286,Poor
LTR401_2014,0.57,Moderate
LTR401_2015,0.58,Moderate
LTR401_2016,0.83,High
LTR401_2017,0.48,Moderate
LTR401_2020,0.5,Moderate
LTR402_2011,,
LTR402_2014,0.76,Good
LTR402_2018,0.61,Good
LTR402_2021,0.55,Moderate
LTR403_2017,0.77,Good
LTR403_2020,0.77,Good
LTR41_2010,,
LTR41_2011,,
LTR41_2013,0.7143,Good
LTR41_2014,1,High
LTR41_2015,0.86,High
LTR41_2016,0.62,Good
LTR41_2017,0.46,Moderate
LTR41_2020,0.6,Good
LTR411_2010,,
LTR411_2013,0.7143,Good
LTR411_2015,0.57,Moderate
LTR411_2019,0.77,Good
LTR411_2022,0.75,Good
LTR416_2010,,
LTR416_2013,0.4286,Poor
LTR416_2016,0.32,Poor
LTR416_2019,0.68,Good
LTR418_2010,,
LTR418_2013,0.7143,Good
LTR418_2016,0.66,Good
LTR418_2020,0.66,Good
LTR42_2012,,
LTR42_2015,0.76,High
LTR42_2018,0.58,Good
LTR42_2021,0.55,Good
LTR426_2016,0.45,Moderate
LTR426_2017,0.47,Moderate
LTR426_2021,0.52,Moderate
LTR428_2011,,
LTR428_2014,0.48,Moderate
LTR428_2018,0.8,High
LTR428_2022,0.48,Moderate
LTR43_2010,,
LTR43_2011,,
LTR43_2012,,
LTR43_2013,0.5714,Moderate
LTR43_2014,0.49,Moderate
LTR43_2015,0.57,Moderate
LTR43_2016,0.71,Good
LTR43_2017,0.59,Moderate
LTR43_2020,0.38,Poor
LTR430_2010,,
LTR430_2012,,
LTR430_2013,0.8571,High
LTR430_2014,0.79,Good
LTR430_2015,0.71,Good
LTR430_2019,0.7,Good
LTR431_2010,,
LTR431_2012,,
LTR431_2013,0.8571,High
LTR431_2014,0.49,Moderate
LTR431_2016,0.3,Moderate
LTR431_2017,0.66,Good
LTR431_2020,0.56,Good
LTR432_2010,,
LTR432_2012,,
LTR432_2013,0.5714,Moderate
LTR432_2014,0.64,Good
LTR432_2015,0.73,Good
LTR432_2019,0.68,Good
LTR433_2022,0.69,Good
LTR438_2012,,
LTR438_2019,0.41,Moderate
LTR439_2010,,
LTR439_2015,0.58,Good
LTR439_2021,0.45,Moderate
LTR448_2012,,
LTR448_2021,0.48,Moderate
LTR449_2013,0.8571,High
LTR449_2019,0.55,Moderate
LTR450_2010,,
LTR450_2012,,
LTR450_2013,0.5714,Moderate
LTR450_2014,0.53,Moderate
LTR450_2015,0.38,Poor
LTR450_2016,0.52,Moderate
LTR450_2017,0.52,Moderate
LTR450_2020,0.38,Poor
LTR451_2012,,
LTR451_2022,0.65,Good
LTR452_2013,0.7143,Good
LTR452_2020,0.45,Moderate
LTR458_2010,,
LTR458_2015,0.76,High
LTR458_2019,0.75,High
LTR459_2012,,
LTR459_2015,0.7,Good
LTR459_2019,0.54,Moderate
LTR460_2012,,
LTR460_2020,0.52,Good
LTR462_2012,,
LTR462_2020,0.45,Moderate
LTR463_2022,0.8,High
LTR464_2013,0.8571,High
LTR464_2016,0.66,Good
LTR464_2021,0.49,Moderate
LTR466_2017,0.56,Moderate
LTR466_2021,0.45,Moderate
LTR467_2022,0.5,Moderate
LTR468_2010,,
LTR468_2015,0.95,High
LTR468_2022,0.48,Moderate
LTR469_2014,0.66,Good
LTR469_2022,0.89,High
LTR472_2021,0.4,Moderate
LTR475_2010,,
LTR475_2015,0.88,High
LTR475_2020,0.51,Good
LTR480_2014,0.53,Moderate
LTR480_2020,0.4,Moderate
LTR484_2022,0.6,Good
LTR486_2015,0.72,Good
LTR486_2022,0.6,Good
LTR490_2012,,
LTR490_2016,0.54,Moderate
LTR490_2019,0.45,Moderate
LTR491_2017,0.53,Moderate
LTR491_2022,0.39,Poor
LTR495_2012,,
LTR495_2015,0.71,High
LTR495_2018,0.34,Moderate
LTR495_2021,0.59,Good
LTR498_2016,0.37,Moderate
LTR498_2019,0.39,Moderate
LTR499_2012,,
LTR499_2021,0.45,Moderate
LTR50_2010,,
LTR50_2011,,
LTR50_2013,0.4286,Poor
LTR50_2014,0.56,Moderate
LTR50_2015,0.47,Moderate
LTR50_2016,0.37,Poor
LTR50_2017,0.58,Moderate
LTR50_2020,0.4,Moderate
LTR500_2013,0.7143,Good
LTR500_2020,0.53,Moderate
LTR501_2021,0.37,Moderate
LTR503_2013,0.8571,High
LTR503_2020,0.51,Moderate
LTR505_2010,,
LTR505_2014,0.74,Good
LTR505_2020,0.85,High
LTR512_2018,0.77,Good
LTR520_2018,0.6,Good
LTR521_2010,,
LTR521_2013,0.7143,Good
LTR521_2016,0.66,Good
LTR521_2022,0.62,Good
LTR525_2010,,
LTR525_2013,0.5714,Good
LTR525_2016,0.63,Good
LTR525_2021,0.63,Good
LTR526_2011,,
LTR526_2014,0.62,Good
LTR547_2010,,
LTR547_2013,0.5714,Moderate
LTR547_2016,0.56,Moderate
LTR547_2019,0.56,Moderate
LTR547_2022,0.75,Good
LTR548_2010,,
LTR548_2013,0.8571,High
LTR548_2015,0.78,Good
LTR548_2019,0.66,Good
LTR551_2011,,
LTR551_2016,0.6,Good
LTR551_2021,0.6,Good
LTR556_2010,,
LTR556_2013,0.5714,Moderate
LTR556_2016,0.61,Good
LTR556_2019,0.53,Good
LTR56_2013,0.8571,High
LTR56_2015,0.89,High
LTR560_2010,,
LTR560_2014,0.78,High
LTR560_2019,0.77,Good
LTR560_2022,0.66,Good
LTR566_2015,0.52,Moderate
LTR566_2022,0.84,High
LTR569_2016,0.61,Good
LTR569_2019,0.69,Good
LTR57_2011,,
LTR57_2014,0.83,High
LTR57_2020,0.4,Moderate
LTR570_2011,,
LTR570_2014,0.57,Moderate
LTR570_2018,0.36,Moderate
LTR570_2021,0.66,Good
LTR576_2011,,
LTR576_2014,0.57,Good
LTR576_2020,0.61,Good
LTR577_2017,0.53,Moderate
LTR577_2022,0.48,Moderate
LTR581_2015,0.59,Moderate
LTR581_2019,0.34,Poor
LTR582_2010,,
LTR582_2013,0.5714,Moderate
LTR582_2015,0.57,Moderate
LTR582_2018,0.55,Moderate
LTR584_2018,0.63,Good
LTR584_2021,0.85,High
LTR586_2010,,
LTR586_2013,0.5714,Moderate
LTR586_2015,0.7,Good
LTR586_2019,0.5,Moderate
LTR587_2011,,
LTR587_2016,0.75,Good
LTR587_2020,0.6,Good
LTR588_2020,0.62,Good
LTR589_2019,0.51,Moderate
LTR591_2010,,
LTR591_2013,0.5714,Moderate
LTR591_2015,0.75,Good
LTR591_2018,0.53,Moderate
LTR591_2021,0.71,Good
LTR592_2011,,
LTR592_2014,0.57,Moderate
LTR592_2018,0.54,Good
LTR592_2021,0.39,Moderate
LTR596_2010,,
LTR596_2013,0.4286,Poor
LTR596_2016,0.51,Good
LTR596_2019,0.48,Moderate
LTR596_2022,0.42,Moderate
LTR603_2010,,
LTR603_2013,0.4286,Poor
LTR603_2016,0.55,Moderate
LTR603_2019,0.69,Good
LTR609_2011,,
LTR609_2014,0.43,Moderate
LTR609_2019,0.38,Moderate
LTR609_2022,0.49,Moderate
LTR610_2016,0.76,Good
LTR610_2019,0.46,Moderate
LTR611_2010,,
LTR611_2016,0.68,Good
LTR611_2021,0.78,Good
LTR612_2010,,
LTR612_2011,,
LTR612_2012,,
LTR612_2013,0.5714,Good
LTR612_2014,0.3,Moderate
LTR612_2015,0.31,Moderate
LTR612_2016,0.5,Good
LTR612_2017,0.35,Moderate
LTR612_2020,0.48,Moderate
LTR62_2010,,
LTR62_2011,,
LTR62_2013,0.5714,Moderate
LTR62_2014,0.71,Good
LTR62_2015,0.68,Good
LTR62_2016,0.8,High
LTR62_2017,1,High
LTR62_2020,0.52,Moderate
LTR623_2017,0.47,Moderate
LTR623_2022,0.53,Moderate
LTR625_2010,,
LTR625_2015,0.4,Moderate
LTR625_2019,0.69,Good
LTR625_2022,0.83,High
LTR627_2010,,
LTR627_2015,0.29,Bad
LTR637_2016,0.71,Good
LTR637_2019,0.6,Good
LTR65_2010,,
LTR65_2011,,
LTR65_2013,0.8571,High
LTR65_2014,0.83,High
LTR65_2015,0.91,High
LTR65_2016,0.77,Good
LTR65_2017,0.58,Moderate
LTR65_2020,0.78,Good
LTR66_2017,0.8,High
LTR66_2020,0.7,Good
LTR66_2023,,
LTR664_2011,,
LTR664_2014,0.74,High
LTR664_2018,0.57,Good
LTR664_2021,0.56,Good
LTR670_2011,,
LTR670_2014,0.63,Good
LTR670_2020,0.68,Good
LTR689_2010,,
LTR689_2013,1,High
LTR689_2016,0.49,Moderate
LTR689_2020,0.62,Good
LTR696_2011,,
LTR696_2014,0.39,Moderate
LTR699_2012,,
LTR699_2018,0.47,Moderate
LTR70_2010,,
LTR70_2011,,
LTR70_2012,,
LTR70_2013,0.5714,Moderate
LTR70_2014,0.79,Good
LTR70_2015,0.62,Good
LTR70_2016,0.53,Moderate
LTR70_2017,0.67,Good
LTR70_2020,0.63,Good
LTR702_2012,,
LTR702_2016,0.4,Moderate
LTR702_2019,0.54,Good
LTR702_2022,0.48,Moderate
LTR703_2017,0.66,Good
LTR703_2022,0.59,Moderate
LTR706_2010,,
LTR706_2013,0.7143,Good
LTR706_2015,0.39,Poor
LTR706_2018,0.41,Moderate
LTR706_2021,0.38,Poor
LTR709_2012,,
LTR709_2016,0.48,Moderate
LTR709_2019,0.53,Moderate
LTR709_2022,0.59,Moderate
LTR713_2010,,
LTR713_2014,0.76,Good
LTR713_2019,0.71,High
LTR713_2022,0.52,Moderate
LTR719_2013,0.5714,Good
LTR719_2016,0.52,Good
LTR719_2019,0.43,Moderate
LTR719_2022,0.47,Moderate
LTR720_2013,0.5714,Moderate
LTR720_2016,0.55,Moderate
LTR720_2021,0.4,Moderate
LTR724_2013,0.5714,Moderate
LTR724_2016,0.46,Moderate
LTR724_2021,0.37,Moderate
LTR725_2012,,
LTR725_2018,0.36,Moderate
LTR725_2021,0.51,Moderate
LTR726_2017,0.4,Moderate
LTR726_2022,0.46,Moderate
LTR727_2012,,
LTR727_2015,0.4,Moderate
LTR728_2012,,
LTR728_2015,0.62,Good
LTR728_2021,0.66,Good
LTR73_2018,0.48,Moderate
LTR73_2021,0.51,Moderate
LTR738_2012,,
LTR738_2021,0.46,Moderate
LTR742_2011,,
LTR742_2014,0.82,High
LTR744_2011,,
LTR744_2014,0.61,Good
LTR744_2021,0.4,Moderate
LTR745_2017,0.55,Moderate
LTR745_2021,0.45,Moderate
LTR75_2010,,
LTR75_2015,0.63,Good
LTR75_2018,0.55,Moderate
LTR75_2021,0.45,Moderate
LTR750_2010,,
LTR750_2013,0.5714,Moderate
LTR750_2019,0.39,Poor
LTR750_2022,0.51,Moderate
LTR752_2011,,
LTR752_2014,0.8,High
LTR752_2020,0.78,High
LTR77_2014,0.35,Poor
LTR77_2015,0.46,Moderate
LTR774_2014,0.65,Good
LTR774_2022,0.53,Good
LTR775_2010,,
LTR775_2022,0.73,Good
LTR776_2014,0.86,High
LTR776_2017,0.7,Good
LTR776_2022,0.51,Moderate
LTR778_2018,0.41,Moderate
LTR778_2021,0.54,Moderate
LTR779_2013,1,High
LTR779_2018,0.85,High
LTR779_2021,0.84,High
LTR78_2010,,
LTR78_2011,,
LTR78_2012,,
LTR78_2013,0.1429,Bad
LTR78_2014,0.63,Good
LTR78_2015,0.54,Moderate
LTR78_2016,0.59,Moderate
LTR78_2017,0.58,Moderate
LTR78_2020,0.68,Good
LTR781_2013,0.7143,High
LTR781_2020,0.42,Moderate
LTR782_2013,0.5714,Moderate
LTR782_2021,0.49,Moderate
LTR783_2012,,
LTR783_2015,0.91,High
LTR783_2021,0.68,Good
LTR786_2013,0.5714,Moderate
LTR787_2010,,
LTR787_2011,,
LTR787_2012,,
LTR787_2013,1,High
LTR787_2014,0.92,High
LTR787_2015,0.95,High
LTR787_2016,0.9,High
LTR787_2017,0.89,High
LTR787_2020,0.41,Moderate
LTR79_2010,,
LTR79_2011,,
LTR79_2012,,
LTR79_2013,0.5714,Moderate
LTR79_2014,0.4,Moderate
LTR79_2015,0.53,Moderate
LTR79_2016,0.66,Good
LTR79_2017,0.52,Moderate
LTR79_2020,0.77,Good
LTR793_2010,,
LTR793_2019,0.67,Good
LTR794_2014,0.47,Moderate
LTR794_2021,0.45,Moderate
LTR795_2010,,
LTR795_2015,0.5,Moderate
LTR795_2019,0.55,Moderate
LTR802_2016,0.64,Good
LTR802_2021,0.51,Moderate
LTR810_2018,0.55,Good
LTR810_2021,0.54,Good
LTR812_2014,0.87,High
LTR813_2010,,
LTR813_2020,0.64,Good
LTR815_2012,,
LTR815_2020,0.47,Moderate
LTR816_2020,0.36,Moderate
LTR817_2010,,
LTR817_2020,0.6,Good
LTR819_2012,,
LTR819_2016,0.71,Good
LTR819_2021,0.57,Moderate
LTR82_2010,,
LTR82_2012,,
LTR82_2013,0.8571,High
LTR82_2014,0.58,Moderate
LTR82_2015,0.79,Good
LTR82_2017,0.61,Good
LTR82_2019,0.5,Moderate
LTR82_2020,0.48,Moderate
LTR825_2017,0.46,Moderate
LTR830_2018,0.63,Good
LTR837_2010,,
LTR837_2013,0.4286,Poor
LTR837_2016,0.51,Good
LTR837_2021,0.42,Moderate
LTR86_2010,,
LTR86_2011,,
LTR86_2012,,
LTR86_2013,0.5714,Moderate
LTR86_2014,0.56,Moderate
LTR86_2015,0.5,Moderate
LTR86_2016,0.48,Moderate
LTR86_2017,0.38,Poor
LTR86_2020,0.36,Poor
LTR871_2010,,
LTR871_2013,0.8571,High
LTR871_2016,0.67,Good
LTR871_2020,0.47,Moderate
LTR878_2017,0.66,Good
LTR88_2010,,
LTR88_2012,,
LTR88_2013,0.5714,Good
LTR88_2014,0.42,Moderate
LTR88_2015,0.48,Moderate
LTR88_2016,0.43,Moderate
LTR88_2017,0.44,Moderate
LTR88_2020,0.51,Good
LTR880_2011,,
LTR880_2014,0.72,Good
LTR880_2020,0.44,Moderate
LTR882_2012,,
LTR882_2015,0.54,Moderate
LTR882_2018,0.65,Good
LTR901_2010,,
LTR901_2013,0.5714,Good
LTR901_2018,0.55,Good
LTR901_2021,0.55,Good
LTR908_2015,0.65,Good
LTR908_2018,0.66,Good
LTR908_2021,0.71,Good
LTR913_2015,0.72,Good
LTR913_2021,0.36,Poor
LTR92_2010,,
LTR92_2011,,
LTR92_2012,,
LTR92_2013,0.5714,Moderate
LTR92_2014,0.48,Moderate
LTR92_2015,0.63,Good
LTR92_2016,0.64,Good
LTR92_2017,0.63,Good
LTR92_2020,0.6,Good
LTR922_2016,0.82,High
LTR922_2020,0.59,Moderate
LTR922_2023,,
LTR935_2010,,
LTR941_2010,,
LTR945_2016,0.8,High
LTR945_2017,0.82,High
LTR945_2022,0.49,Moderate
LTR95_2010,,
LTR95_2011,,
LTR95_2012,,
LTR95_2013,0.5714,Moderate
LTR95_2014,0.62,Good
LTR95_2015,0.69,Good
LTR956_2010,,
LTR960_2021,0.46,Moderate
LTR963_2017,0.53,Moderate
LTR963_2022,0.62,Good
LTR969_2010,,
LTR969_2016,0.72,Good
LTR969_2019,0.5,Moderate
LTR976_2010,,
LTR976_2015,0.48,Moderate
LTR976_2018,0.61,Good
LTR976_2021,0.72,High
LTR99_2010,,
LTR99_2012,,
LTR99_2013,0.8571,High
LTR99_2014,0.69,Good
LTR99_2015,0.62,Good
LTR99_2017,0.68,Good
LTR99_2019,0.53,Moderate
LTL10_2017,0.83,High
LTL10_2022,0.71,Good
LTL106_2013,0.9028,High
LTL106_2014,0.81,High
LTL106_2015,0.78,High
LTL106_2021,0.77,High
LTL109_2015,0.48,Moderate
LTL110_2018,0.75,High
LTL114_2013,0.5727,Good
LTL114_2019,0.44,Moderate
LTL114_2023,0.32,Poor
LTL115_2013,0.7212,Good
LTL115_2019,0.56,Good
LTL115_2023,0.57,Good
LTL116_2015,0.74,High
LTL116_2021,0.58,Good
LTL117_2018,0.53,Good
LTL125_2015,0.54,Good
LTL125_2021,0.48,Good
LTL128_2013,,
LTL128_2019,0.49,Moderate
LTL128_2023,0.38,Moderate
LTL131_2015,0.48,Moderate
LTL131_2022,0.63,Good
LTL134_2014,0.9,High
LTL134_2022,0.41,Moderate
LTL135_2014,0.63,Good
LTL135_2020,0.79,High
LTL136_2018,0.74,High
LTL137_2018,0.83,High
LTL144_2018,0.69,Good
LTL148_2017,0.65,Good
LTL148_2022,0.6,Good
LTL154_2013,0.779,High
LTL154_2019,0.47,Moderate
LTL155_2014,0.84,High
LTL155_2018,0.93,High
LTL156_2014,0.45,Moderate
LTL156_2022,0.46,Moderate
LTL157_2013,0.5142,Good
LTL157_2019,0.81,High
LTL158_2016,0.57,Good
LTL158_2022,0.61,Good
LTL159_2015,0.73,Good
LTL159_2021,0.68,Good
LTL161_2018,0.48,Moderate
LTL162_2017,0.86,High
LTL162_2023,0.38,Moderate
LTL163_2023,0.39,Moderate
LTL164_2014,0.48,Moderate
LTL164_2022,0.47,Moderate
LTL165_2016,0.54,Good
LTL165_2021,0.36,Moderate
LTL168_2016,0.73,Good
LTL168_2022,0.8,High
LTL169_2014,0.57,Good
LTL169_2018,0.67,Good
LTL169_2021,0.49,Moderate
LTL170_2022,0.4,Moderate
LTL171_2016,0.66,Good
LTL171_2022,0.77,High
LTL173_2013,0.5338,Good
LTL173_2016,0.37,Moderate
LTL173_2023,0.58,Good
LTL174_2013,0.7087,Good
LTL174_2019,0.58,Good
LTL177_2013,0.6382,Good
LTL177_2018,0.52,Good
LTL180_2013,0.7528,High
LTL180_2019,0.57,Good
LTL181_2016,0.82,High
LTL181_2022,0.56,Good
LTL184_2015,0.58,Good
LTL184_2021,0.66,Good
LTL187_2014,0.91,High
LTL187_2018,1,High
LTL188_2014,0.59,Good
LTL188_2020,0.49,Moderate
LTL188_2023,0.82,High
LTL189_2014,0.35,Moderate
LTL189_2020,0.45,Moderate
LTL189_2023,0.51,Good
LTL192_2013,0.5333,Good
LTL192_2016,0.56,Good
LTL192_2022,0.59,Good
LTL193_2013,0.6136,Good
LTL193_2018,0.8,High
LTL194_2018,0.56,Good
LTL195_2014,0.43,Moderate
LTL195_2020,0.55,Good
LTL195_2023,0.59,Good
LTL196_2014,0.29,Poor
LTL196_2020,0.38,Moderate
LTL196_2023,0.31,Poor
LTL197_2015,0.48,Moderate
LTL197_2021,0.49,Moderate
LTL198_2013,,
LTL198_2019,0.4,Moderate
LTL202_2014,0.48,Moderate
LTL202_2020,0.51,Good
LTL202_2023,0.7,Good
LTL203_2014,0.42,Moderate
LTL204_2015,0.36,Moderate
LTL204_2016,0.62,Good
LTL204_2019,0.59,Good
LTL205_2017,0.28,Poor
LTL206_2014,0.33,Poor
LTL206_2020,0.59,Good
LTL206_2023,0.75,High
LTL207_2015,0.53,Good
LTL207_2021,0.35,Moderate
LTL208_2017,0.27,Poor
LTL211_2019,0.53,Good
LTL214_2020,0.44,Moderate
LTL217_2014,0.54,Good
LTL217_2018,0.62,Good
LTL218_2014,0.58,Good
LTL218_2018,0.64,Good
LTL219_2014,0.76,High
LTL219_2018,0.93,High
LTL220_2016,0.66,Good
LTL220_2022,0.77,High
LTL221_2018,0.42,Moderate
LTL221_2023,0.92,High
LTL222_2013,0.8855,High
LTL222_2016,0.68,Good
LTL222_2019,0.55,Good
LTL223_2019,0.5,Good
LTL223_2023,0.71,Good
LTL224_2014,0.63,Good
LTL224_2020,0.6,Good
LTL226_2019,0.45,Moderate
LTL227_2019,0.52,Good
LTL228_2013,0.4892,Moderate
LTL228_2022,0.75,High
LTL229_2019,0.6,Good
LTL230_2013,0.8444,High
LTL230_2019,0.76,High
LTL231_2015,0.53,Good
LTL231_2021,0.47,Moderate
LTL232_2015,0.82,High
LTL232_2021,0.73,Good
LTL234_2015,0.7,Good
LTL234_2021,0.49,Moderate
LTL235_2015,0.66,Good
LTL235_2021,0.43,Moderate
LTL236_2015,0.41,Moderate
LTL236_2021,0.34,Poor
LTL237_2014,0.51,Good
LTL237_2020,0.86,High
LTL237_2023,0.81,High
LTL238_2013,0.576,Good
LTL238_2018,0.63,Good
LTL239_2016,0.81,High
LTL239_2022,0.49,Moderate
LTL240_2017,0.61,Good
LTL240_2023,0.69,Good
LTL241_2014,0.39,Moderate
LTL241_2020,0.48,Moderate
LTL241_2023,0.83,High
LTL243_2015,0.39,Moderate
LTL244_2013,0.6393,Good
LTL245_2014,0.55,Good
LTL245_2020,0.47,Moderate
LTL245_2023,0.53,Good
LTL246_2013,0.6467,Good
LTL246_2020,0.28,Poor
LTL247_2015,0.56,Good
LTL247_2021,0.63,Good
LTL248_2016,0.53,Good
LTL248_2022,0.44,Moderate
LTL249_2016,0.64,Good
LTL249_2022,0.47,Moderate
LTL250_2015,0.61,Good
LTL250_2021,0.83,High
LTL251_2016,0.57,Good
LTL251_2022,0.72,Good
LTL252_2015,0.6,Good
LTL252_2021,0.67,Good
LTL253_2016,0.67,Good
LTL253_2020,0.46,Moderate
LTL254_2016,0.36,Moderate
LTL254_2023,0.62,Good
LTL256_2013,0.5447,Good
LTL256_2014,0.45,Moderate
LTL256_2015,0.82,High
LTL256_2021,0.6,Good
LTL257_2015,0.41,Moderate
LTL257_2021,0.39,Moderate
LTL258_2014,0.48,Moderate
LTL258_2020,0.71,Good
LTL258_2023,0.79,High
LTL259_2014,0.33,Poor
LTL259_2022,0.37,Moderate
LTL260_2013,,
LTL260_2018,0.45,Moderate
LTL261_2013,,
LTL261_2018,0.53,Good
LTL262_2013,,
LTL262_2018,0.5,Good
LTL263_2013,,
LTL263_2016,0.5,Good
LTL264_2014,0.3,Poor
LTL264_2022,0.32,Poor
LTL265_2013,0.223,Poor
LTL265_2016,0.31,Poor
LTL266_2014,0.3,Poor
LTL266_2022,0.33,Poor
LTL267_2013,0.2688,Poor
LTL267_2020,0.45,Moderate
LTL268_2014,0.49,Moderate
LTL268_2022,0.37,Moderate
LTL270_2017,0.38,Moderate
LTL270_2023,0.63,Good
LTL271_2017,0.19,Bad
LTL271_2023,0.53,Good
LTL272_2013,,
LTL272_2016,0.27,Poor
LTL273_2015,0.54,Good
LTL273_2021,0.83,High
LTL274_2013,0.6575,Good
LTL274_2019,0.55,Good
LTL274_2023,0.53,Good
LTL276_2013,1,High
LTL276_2019,0.58,Good
LTL277_2013,0.3925,Poor
LTL277_2016,0.36,Moderate
LTL278_2016,0.76,High
LTL278_2022,0.44,Moderate
LTL279_2013,0.6674,Good
LTL279_2014,,
LTL279_2019,0.57,Good
LTL279_2023,0.44,Moderate
LTL280_2016,0.67,Good
LTL280_2023,0.45,Moderate
LTL281_2016,0.57,Good
LTL281_2023,0.52,Good
LTL282_2014,0.94,High
LTL282_2020,0.46,Moderate
LTL283_2016,0.94,High
LTL283_2023,0.73,Good
LTL284_2018,0.66,Good
LTL285_2014,0.48,Moderate
LTL285_2020,0.83,High
LTL286_2015,0.5,Good
LTL287_2015,0.58,Good
LTL287_2021,0.64,Good
LTL288_2013,0.7091,Good
LTL288_2020,0.79,High
LTL288_2023,0.82,High
LTL289_2015,0.7,Good
LTL289_2021,0.69,Good
LTL29_2018,0.74,High
LTL290_2013,0.5673,Good
LTL290_2019,0.51,Good
LTL290_2023,0.62,Good
LTL291_2022,0.7,Good
LTL292_2021,0.44,Moderate
LTL293_2013,0.7157,Good
LTL293_2021,0.52,Good
LTL294_2016,0.48,Moderate
LTL294_2022,0.48,Moderate
LTL295_2019,0.53,Good
LTL295_2023,0.75,High
LTL296_2013,0.5585,Moderate
LTL296_2020,0.65,Good
LTL297_2017,1,High
LTL297_2023,0.62,Good
LTL298_2016,0.58,Good
LTL298_2022,0.36,Moderate
LTL299_2017,0.81,High
LTL299_2022,0.6,Good
LTL300_2019,0.62,Good
LTL301_2015,0.68,Good
LTL301_2023,0.61,Good
LTL302_2015,0.68,Good
LTL303_2014,0.56,Good
LTL303_2022,0.35,Moderate
LTL304_2013,0.6706,Good
LTL304_2020,1,High
LTL304_2023,0.74,High
LTL305_2013,0.5595,Good
LTL305_2022,0.5,Good
LTL306_2015,0.72,Good
LTL306_2022,0.58,Good
LTL309_2018,0.57,Good
LTL310_2016,0.63,Good
LTL310_2019,0.56,Good
LTL311_2016,0.42,Moderate
LTL311_2019,0.68,Good
LTL312_2013,0.8875,High
LTL312_2014,0.85,High
LTL312_2015,0.95,High
LTL312_2020,0.79,High
LTL313_2014,0.71,Good
LTL313_2020,0.84,High
LTL314_2014,1,High
LTL314_2020,0.52,Good
LTL315_2021,0.51,Good
LTL316_2021,0.69,Good
LTL317_2015,0.7,Good
LTL317_2021,0.74,High
LTL318_2015,0.72,Good
LTL318_2021,0.8,High
LTL319_2019,0.72,Good
LTL320_2019,0.52,Good
LTL321_2019,0.59,Good
LTL322_2020,0.72,Good
LTL324_2019,0.55,Good
LTL325_2016,0.8,High
LTL325_2022,0.7,Good
LTL326_2017,0.71,Good
LTL326_2022,0.67,Good
LTL327_2013,0.71,Good
LTL327_2014,0.57,Good
LTL327_2015,0.68,Good
LTL327_2020,0.55,Good
LTL328_2015,0.44,Moderate
LTL328_2021,0.42,Moderate
LTL329_2019,0.73,Good
LTL330_2015,0.5,Good
LTL330_2021,0.49,Moderate
LTL331_2019,0.52,Good
LTL333_2022,0.67,Good
LTL334_2023,0.5,Good
LTL335_2016,0.63,Good
LTL336_2015,0.77,High
LTL336_2021,0.63,Good
LTL337_2015,0.72,Good
LTL337_2021,0.51,Good
LTL338_2015,0.8,High
LTL338_2021,0.62,Good
LTL339_2014,0.7,Good
LTL34_2013,0.3039,Poor
LTL34_2014,0.48,Moderate
LTL34_2015,0.78,High
LTL34_2016,0.42,Moderate
LTL34_2019,0.66,Good
LTL340_2015,0.51,Good
LTL340_2021,0.58,Good
LTL341_2015,0.71,Good
LTL341_2021,0.93,High
LTL342_2018,0.67,Good
LTL343_2013,1,High
LTL343_2014,1,High
LTL343_2015,0.81,High
LTL343_2016,0.89,High
LTL343_2019,0.72,Good
LTL344_2014,0.67,Good
LTL344_2020,0.8,High
LTL345_2014,0.63,Good
LTL345_2020,0.72,Good
LTL347_2013,0.8364,High
LTL347_2019,0.44,Moderate
LTL348_2016,0.58,Good
LTL348_2022,0.73,Good
LTL349_2014,0.46,Moderate
LTL349_2020,0.49,Moderate
LTL350_2016,0.77,High
LTL350_2022,0.76,High
LTL351_2018,0.57,Good
LTL352_2016,0.76,High
LTL352_2022,0.48,Moderate
LTL353_2016,0.81,High
LTL353_2022,0.61,Good
LTL354_2016,0.53,Good
LTL354_2023,0.65,Good
LTL355_2015,0.46,Moderate
LTL355_2021,0.58,Good
LTL356_2014,0.47,Moderate
LTL356_2020,0.69,Good
LTL357_2014,0.78,High
LTL357_2020,0.68,Good
LTL358_2015,0.85,High
LTL358_2021,0.78,High
LTL359_2017,0.82,High
LTL359_2023,0.54,Good
LTL360_2014,0.45,Moderate
LTL360_2020,0.76,High
LTL362_2014,0.73,Good
LTL362_2020,0.57,Good
LTL363_2014,0.57,Good
LTL363_2020,0.76,High
LTL364_2017,0.84,High
LTL364_2023,0.54,Good
LTL365_2016,0.79,High
LTL365_2022,0.8,High
LTL366_2015,0.62,Good
LTL367_2014,0.75,High
LTL367_2020,0.71,Good
LTL368_2016,0.71,Good
LTL368_2022,0.61,Good
LTL370_2016,0.87,High
LTL370_2022,0.42,Moderate
LTL371_2015,0.51,Good
LTL371_2022,0.45,Moderate
LTL372_2015,0.63,Good
LTL372_2023,0.51,Good
LTL373_2015,0.66,Good
LTL373_2021,0.5,Good
LTL374_2015,0.76,High
LTL374_2021,0.47,Moderate
LTL375_2016,0.33,Poor
LTL375_2022,0.46,Moderate
LTL376_2015,0.57,Good
LTL376_2021,0.74,High
LTL377_2013,0.6463,Good
LTL377_2019,0.58,Good
LTL378_2013,0.632,Good
LTL378_2018,0.74,High
LTL379_2015,0.55,Good
LTL379_2021,0.57,Good
LTL380_2014,0.69,Good
LTL380_2018,0.85,High
LTL381_2014,0.78,High
LTL381_2018,0.72,Good
LTL382_2017,0.74,High
LTL382_2022,0.61,Good
LTL383_2022,0.52,Good
LTL385_2017,0.84,High
LTL385_2022,0.65,Good
LTL386_2015,0.92,High
LTL386_2021,0.65,Good
LTL387_2015,0.49,Moderate
LTL387_2021,0.45,Moderate
LTL388_2015,0.64,Good
LTL389_2016,0.93,High
LTL389_2023,0.41,Moderate
LTL39_2013,0.7166,Good
LTL39_2014,0.72,Good
LTL39_2015,0.81,High
LTL39_2016,0.55,Good
LTL39_2019,0.61,Good
LTL390_2014,0.53,Good
LTL390_2022,0.52,Good
LTL391_2016,0.66,Good
LTL391_2022,0.43,Moderate
LTL392_2015,0.64,Good
LTL392_2021,0.59,Good
LTL393_2013,0.5448,Good
LTL393_2018,0.43,Moderate
LTL394_2013,0.61,Good
LTL394_2018,0.63,Good
LTL395_2013,0.6972,Good
LTL395_2016,0.56,Good
LTL395_2022,0.64,Good
LTL396_2013,0.6639,Good
LTL396_2015,0.46,Moderate
LTL396_2021,0.59,Good
LTL397_2013,0.4343,Moderate
LTL397_2018,0.38,Moderate
LTL398_2013,0.6615,Good
LTL398_2021,0.79,High
LTL399_2017,0.49,Moderate
LTL399_2022,0.65,Good
LTL400_2016,0.39,Moderate
LTL400_2023,0.53,Good
LTL401_2015,0.83,High
LTL401_2021,0.6,Good
LTL403_2016,0.22,Poor
LTL404_2016,0.44,Moderate
LTL405_2016,0.72,Good
LTL405_2022,0.65,Good
LTL405_2023,0.89,High
LTL406_2013,,
LTL406_2023,0.38,Moderate
LTL407_2013,,
LTL407_2023,0.65,Good
LTL408_2014,0.33,Poor
LTL408_2020,0.51,Good
LTL409_2013,,
LTL409_2018,0.48,Moderate
LTL410_2013,,
LTL410_2018,0.68,Good
LTL411_2013,,
LTL411_2018,0.7,Good
LTL414_2013,,
LTL414_2018,0.61,Good
LTL416_2019,0.75,High
LTL417_2017,0.76,High
LTL417_2022,,
LTL419_2016,0.41,Moderate
LTL419_2023,0.51,Good
LTL420_2018,0.44,Moderate
LTL421_2013,,
LTL422_2013,,
LTL423_2013,,
LTL423_2021,0.46,Moderate
LTL424_2013,,
LTL424_2021,0.81,High
LTL426_2015,0.72,Good
LTL426_2021,0.4,Moderate
LTL427_2013,,
LTL428_2015,0.42,Moderate
LTL428_2021,0.36,Moderate
LTL43_2013,0.5199,Good
LTL43_2017,0.42,Moderate
LTL43_2022,0.3,Poor
LTL430_2016,0.46,Moderate
LTL430_2023,0.55,Good
LTL431_2019,0.71,Good
LTL431_2023,0.63,Good
LTL432_2018,0.57,Good
LTL433_2016,0.63,Good
LTL433_2022,0.81,High
LTL434_2014,0.35,Moderate
LTL434_2022,0.4,Moderate
LTL435_2017,0.34,Poor
LTL435_2023,0.38,Moderate
LTL436_2013,0.2099,Poor
LTL436_2016,0.29,Poor
LTL436_2023,0.5,Good
LTL437_2017,0.66,Good
LTL437_2023,0.68,Good
LTL438_2016,0.44,Moderate
LTL438_2023,0.7,Good
LTL439_2016,0.47,Moderate
LTL439_2021,0.32,Poor
LTL440_2016,0.7,Good
LTL440_2023,0.68,Good
LTL441_2013,0.7401,Good
LTL441_2020,0.41,Moderate
LTL441_2023,0.7,Good
LTL442_2013,0.6713,Good
LTL442_2020,0.82,High
LTL443_2018,0.66,Good
LTL443_2023,0.77,High
LTL444_2017,0.47,Moderate
LTL444_2022,0.47,Moderate
LTL445_2016,0.86,High
LTL445_2022,0.6,Good
LTL446_2014,0.68,Good
LTL446_2020,0.6,Good
LTL447_2018,0.66,Good
LTL448_2015,0.61,Good
LTL448_2021,0.77,High
LTL449_2019,0.49,Moderate
LTL450_2019,0.35,Moderate
LTL450_2023,0.83,High
LTL451_2013,0.4036,Moderate
LTL451_2016,0.32,Poor
LTL451_2023,0.35,Moderate
LTL452_2018,0.48,Moderate
LTL452_2023,0.5,Good
LTL453_2016,0.57,Good
LTL454_2015,0.87,High
LTL454_2022,0.8,High
LTL455_2013,0.4181,Moderate
LTL455_2016,0.57,Good
LTL455_2023,0.45,Moderate
LTL456_2016,0.77,High
LTL456_2023,0.97,High
LTL457_2016,0.82,High
LTL460_2015,0.75,High
LTL460_2021,0.65,Good
LTL461_2015,0.19,Bad
LTL461_2021,0.39,Moderate
LTL462_2018,0.6,Good
LTL462_2023,0.46,Moderate
LTL463_2016,0.59,Good
LTL463_2021,0.6,Good
LTL464_2016,0.72,Good
LTL464_2023,0.67,Good
LTL465_2014,0.41,Moderate
LTL465_2020,0.31,Poor
LTL465_2023,0.65,Good
LTL466_2014,0.4,Moderate
LTL466_2020,0.47,Moderate
LTL466_2023,0.82,High
LTL467_2014,0.68,Good
LTL467_2020,0.71,Good
LTL468_2014,0.58,Good
LTL468_2020,0.76,High
LTL469_2015,0.49,Moderate
LTL48_2013,0.4529,Moderate
LTL48_2016,0.28,Poor
LTL500_2014,0.4,Moderate
LTL500_2022,0.48,Moderate
LTL501_2015,0.7,Good
LTL503_2015,0.67,Good
LTL504_2015,0.44,Moderate
LTL505_2015,0.7,Good
LTL506_2017,1,High
LTL508_2016,0.71,Good
LTL508_2023,0.46,Moderate
LTL509_2015,0.87,High
LTL509_2021,0.63,Good
LTL510_2014,0.51,Good
LTL511_2014,0.58,Good
LTL511_2020,0.4,Moderate
LTL511_2023,0.63,Good
LTL512_2014,0.37,Moderate
LTL512_2020,0.53,Good
LTL512_2023,0.71,Good
LTL513_2013,0.3953,Moderate
LTL513_2019,0.5,Good
LTL514_2014,0.49,Moderate
LTL515_2014,0.72,Good
LTL515_2022,0.8,High
LTL516_2014,0.77,High
LTL516_2020,0.42,Moderate
LTL516_2023,0.63,Good
LTL517_2015,0.5,Good
LTL518_2014,0.49,Moderate
LTL518_2020,0.44,Moderate
LTL519_2014,0.89,High
LTL519_2022,0.45,Moderate
LTL520_2014,0.75,High
LTL520_2020,0.58,Good
LTL522_2016,0.49,Moderate
LTL522_2023,0.35,Moderate
LTL523_2014,0.5,Good
LTL523_2020,0.59,Good
LTL525_2018,1,High
LTL526_2016,0.94,High
LTL526_2023,0.52,Good
LTL527_2017,0.55,Good
LTL527_2023,0.57,Good
LTL528_2017,0.9,High
LTL529_2022,0.68,Good
LTL530_2016,0.8,High
LTL530_2023,0.48,Moderate
LTL531_2018,0.61,Good
LTL532_2014,0.51,Good
LTL532_2022,0.5,Good
LTL533_2014,0.47,Moderate
LTL533_2020,0.74,High
LTL534_2016,0.54,Good
LTL534_2023,0.62,Good
LTL535_2017,1,High
LTL537_2017,0.99,High
LTL537_2022,0.75,High
LTL538_2017,0.55,Good
LTL538_2022,0.54,Good
LTL539_2018,0.81,High
LTL540_2017,0.56,Good
LTL541_2017,0.75,High
LTL541_2022,0.51,Good
LTL542_2017,0.56,Good
LTL542_2022,0.5,Good
LTL543_2017,0.77,High
LTL544_2018,0.4,Moderate
LTL545_2017,0.3,Poor
LTL546_2018,1,High
LTL64_2018,0.33,Poor
LTL65_2013,0.6558,Good
LTL65_2014,0.89,High
LTL65_2015,1,High
LTL65_2016,0.76,High
LTL65_2019,0.73,Good
LTL68_2013,0.4722,Moderate
LTL68_2021,0.32,Poor
LTL71_2013,,
LTL71_2014,0.19,Bad
LTL71_2015,0.26,Poor
LTL71_2016,0.28,Poor
LTL71_2019,0.29,Poor
